rule_id,scanner,category,source_file,table_name,index,severity_hint
AS-GEN-001,AS,GEN,scan_agent_skills.py,CONFIG_WRITE_PATTERNS,0,
AS-GEN-002,AS,GEN,scan_agent_skills.py,CONFIG_WRITE_PATTERNS,1,
AS-GEN-003,AS,GEN,scan_agent_skills.py,CONFIG_WRITE_PATTERNS,2,
AS-GEN-004,AS,GEN,scan_agent_skills.py,MEMORY_POISONING_PATTERNS,0,
AS-GEN-005,AS,GEN,scan_agent_skills.py,MEMORY_POISONING_PATTERNS,1,
AS-GEN-006,AS,GEN,scan_agent_skills.py,MEMORY_POISONING_PATTERNS,2,
AS-GEN-007,AS,GEN,scan_agent_skills.py,MEMORY_POISONING_PATTERNS,3,
AS-GEN-008,AS,GEN,scan_agent_skills.py,PROVENANCE_STRIP_PATTERNS,0,
AS-GEN-009,AS,GEN,scan_agent_skills.py,PROVENANCE_STRIP_PATTERNS,1,
DC-GEN-001,DC,GEN,scan_devcontainer.py,SECRET_PATHS,0,
DC-GEN-002,DC,GEN,scan_devcontainer.py,SECRET_PATHS,1,
DC-GEN-003,DC,GEN,scan_devcontainer.py,SECRET_PATHS,2,
DC-GEN-004,DC,GEN,scan_devcontainer.py,SECRET_PATHS,3,
DC-GEN-005,DC,GEN,scan_devcontainer.py,SECRET_PATHS,4,
DC-GEN-006,DC,GEN,scan_devcontainer.py,SECRET_PATHS,5,
DC-GEN-007,DC,GEN,scan_devcontainer.py,SECRET_PATHS,6,
DC-GEN-008,DC,GEN,scan_devcontainer.py,SECRET_PATHS,7,
LC-GEN-001,LC,GEN,scan_lifecycle.py,PASTE_SERVICE_PATTERNS,0,
LC-GEN-002,LC,GEN,scan_lifecycle.py,PASTE_SERVICE_PATTERNS,1,
LC-GEN-003,LC,GEN,scan_lifecycle.py,PASTE_SERVICE_PATTERNS,2,
LC-GEN-004,LC,GEN,scan_lifecycle.py,PASTE_SERVICE_PATTERNS,3,
LC-GEN-005,LC,GEN,scan_lifecycle.py,PASTE_SERVICE_PATTERNS,4,
LC-GEN-006,LC,GEN,scan_lifecycle.py,AGENT_CONFIG_DIR_PATTERNS,0,
LC-GEN-007,LC,GEN,scan_lifecycle.py,AGENT_CONFIG_DIR_PATTERNS,1,
LC-GEN-008,LC,GEN,scan_lifecycle.py,AGENT_CONFIG_DIR_PATTERNS,2,
LC-GEN-009,LC,GEN,scan_lifecycle.py,AGENT_CONFIG_DIR_PATTERNS,3,
LC-GEN-010,LC,GEN,scan_lifecycle.py,AGENT_CONFIG_DIR_PATTERNS,4,
LC-GEN-011,LC,GEN,scan_lifecycle.py,AGENT_CONFIG_DIR_PATTERNS,5,
LC-GEN-012,LC,GEN,scan_lifecycle.py,ANTI_FORENSICS_PATTERNS,0,
LC-GEN-013,LC,GEN,scan_lifecycle.py,ANTI_FORENSICS_PATTERNS,1,
LC-GEN-014,LC,GEN,scan_lifecycle.py,ANTI_FORENSICS_PATTERNS,2,
LC-GEN-015,LC,GEN,scan_lifecycle.py,ANTI_FORENSICS_PATTERNS,3,
LC-GEN-016,LC,GEN,scan_lifecycle.py,ANTI_FORENSICS_PATTERNS,4,
LC-GEN-017,LC,GEN,scan_lifecycle.py,ANTI_FORENSICS_PATTERNS,5,
LC-GEN-018,LC,GEN,scan_lifecycle.py,INSTALL_SCRIPT_IOC_PATTERNS,0,
LC-GEN-019,LC,GEN,scan_lifecycle.py,INSTALL_SCRIPT_IOC_PATTERNS,1,
LC-GEN-020,LC,GEN,scan_lifecycle.py,INSTALL_SCRIPT_IOC_PATTERNS,2,
LC-GEN-021,LC,GEN,scan_lifecycle.py,INSTALL_SCRIPT_IOC_PATTERNS,3,
LC-GEN-022,LC,GEN,scan_lifecycle.py,INSTALL_SCRIPT_IOC_PATTERNS,4,
LC-GEN-023,LC,GEN,scan_lifecycle.py,INSTALL_SCRIPT_IOC_PATTERNS,5,
LC-GEN-024,LC,GEN,scan_lifecycle.py,INSTALL_SCRIPT_IOC_PATTERNS,6,
LC-GEN-025,LC,GEN,scan_lifecycle.py,INSTALL_SCRIPT_IOC_PATTERNS,7,
LC-GEN-026,LC,GEN,scan_lifecycle.py,INSTALL_SCRIPT_IOC_PATTERNS,8,
LC-GEN-027,LC,GEN,scan_lifecycle.py,INSTALL_SCRIPT_IOC_PATTERNS,9,
LC-GEN-028,LC,GEN,scan_lifecycle.py,INSTALL_SCRIPT_IOC_PATTERNS,10,
LC-GEN-029,LC,GEN,scan_lifecycle.py,PTH_EXEC_PATTERNS,0,
LC-GEN-030,LC,GEN,scan_lifecycle.py,PTH_EXEC_PATTERNS,1,
LC-GEN-031,LC,GEN,scan_lifecycle.py,PTH_EXEC_PATTERNS,2,
LC-GEN-032,LC,GEN,scan_lifecycle.py,PTH_EXEC_PATTERNS,3,
LC-GEN-033,LC,GEN,scan_lifecycle.py,PTH_EXEC_PATTERNS,4,
LC-GEN-034,LC,GEN,scan_lifecycle.py,PTH_EXEC_PATTERNS,5,
MC-PI-001,MC,PI,scan_mcp_security.py,SQL_INJECTION_PATTERNS,0,
MC-PI-002,MC,PI,scan_mcp_security.py,SQL_INJECTION_PATTERNS,1,
MC-PI-003,MC,PI,scan_mcp_security.py,SQL_INJECTION_PATTERNS,2,
MC-PI-004,MC,PI,scan_mcp_security.py,SQL_INJECTION_PATTERNS,3,
MC-PI-005,MC,PI,scan_mcp_security.py,SQL_INJECTION_PATTERNS,4,
MC-PI-006,MC,PI,scan_mcp_security.py,SQL_INJECTION_PATTERNS,5,
MC-PI-007,MC,PI,scan_mcp_security.py,SQL_INJECTION_PATTERNS,6,
MC-PI-008,MC,PI,scan_mcp_security.py,SQL_INJECTION_PATTERNS,7,
MC-PI-009,MC,PI,scan_mcp_security.py,SQL_INJECTION_PATTERNS,8,
MC-PI-010,MC,PI,scan_mcp_security.py,TOOL_INJECTION_KEYWORDS,0,
MC-PI-011,MC,PI,scan_mcp_security.py,TOOL_INJECTION_KEYWORDS,1,
MC-PI-012,MC,PI,scan_mcp_security.py,TOOL_INJECTION_KEYWORDS,2,
MC-PI-013,MC,PI,scan_mcp_security.py,TOOL_INJECTION_KEYWORDS,3,
MC-PI-014,MC,PI,scan_mcp_security.py,TOOL_INJECTION_KEYWORDS,4,
MC-PI-015,MC,PI,scan_mcp_security.py,TOOL_INJECTION_KEYWORDS,5,
MC-PI-016,MC,PI,scan_mcp_security.py,TOOL_INJECTION_KEYWORDS,6,
MC-PI-017,MC,PI,scan_mcp_security.py,TOOL_INJECTION_KEYWORDS,7,
MC-PI-018,MC,PI,scan_mcp_security.py,TOOL_INJECTION_KEYWORDS,8,
MC-PI-019,MC,PI,scan_mcp_security.py,TOOL_INJECTION_KEYWORDS,9,
MC-PI-020,MC,PI,scan_mcp_security.py,TOOL_INJECTION_KEYWORDS,10,
MC-PI-021,MC,PI,scan_mcp_security.py,TOOL_INJECTION_KEYWORDS,11,
MC-PI-022,MC,PI,scan_mcp_security.py,TOOL_INJECTION_KEYWORDS,12,
MC-PI-023,MC,PI,scan_mcp_security.py,TOOL_INJECTION_KEYWORDS,13,
MC-PI-024,MC,PI,scan_mcp_security.py,TOOL_INJECTION_KEYWORDS,14,
MC-PI-025,MC,PI,scan_mcp_security.py,TOOL_INJECTION_KEYWORDS,15,
MC-PI-026,MC,PI,scan_mcp_security.py,TOOL_INJECTION_KEYWORDS,16,
MC-PI-027,MC,PI,scan_mcp_security.py,TOOL_INJECTION_KEYWORDS,17,
MC-PI-028,MC,PI,scan_mcp_security.py,TOOL_INJECTION_KEYWORDS,18,
MC-PI-029,MC,PI,scan_mcp_security.py,TOOL_INJECTION_KEYWORDS,19,
MC-PI-030,MC,PI,scan_mcp_security.py,TOOL_INJECTION_KEYWORDS,20,
MC-PI-031,MC,PI,scan_mcp_security.py,TOOL_INJECTION_KEYWORDS,21,
MC-PI-032,MC,PI,scan_mcp_security.py,TOOL_INJECTION_KEYWORDS,22,
MC-PI-033,MC,PI,scan_mcp_security.py,TOOL_INJECTION_KEYWORDS,23,
MC-PI-034,MC,PI,scan_mcp_security.py,TOOL_INJECTION_KEYWORDS,24,
MC-GEN-001,MC,GEN,scan_mcp_security.py,TOOL_SHADOWING_PATTERNS,0,
MC-GEN-002,MC,GEN,scan_mcp_security.py,TOOL_SHADOWING_PATTERNS,1,
MC-GEN-003,MC,GEN,scan_mcp_security.py,TOOL_SHADOWING_PATTERNS,2,
MC-GEN-004,MC,GEN,scan_mcp_security.py,TOOL_SHADOWING_PATTERNS,3,
MC-PI-035,MC,PI,scan_mcp_security.py,SAMPLING_INJECTION_PATTERNS,0,
MC-PI-036,MC,PI,scan_mcp_security.py,SAMPLING_INJECTION_PATTERNS,1,
MC-PI-037,MC,PI,scan_mcp_security.py,SAMPLING_INJECTION_PATTERNS,2,
MC-PI-038,MC,PI,scan_mcp_security.py,SAMPLING_INJECTION_PATTERNS,3,
MC-GEN-005,MC,GEN,scan_mcp_security.py,CROSS_DOMAIN_PATTERNS,0,
MC-GEN-006,MC,GEN,scan_mcp_security.py,CROSS_DOMAIN_PATTERNS,1,
MC-GEN-007,MC,GEN,scan_mcp_security.py,CROSS_DOMAIN_PATTERNS,2,
MC-GEN-008,MC,GEN,scan_mcp_security.py,CROSS_DOMAIN_PATTERNS,3,
MC-EX-001,MC,EX,scan_mcp_security.py,LOG_EXFIL_PATTERNS,0,
MC-EX-002,MC,EX,scan_mcp_security.py,LOG_EXFIL_PATTERNS,1,
MC-EX-003,MC,EX,scan_mcp_security.py,LOG_EXFIL_PATTERNS,2,
MC-EX-004,MC,EX,scan_mcp_security.py,LOG_EXFIL_PATTERNS,3,
MC-GEN-009,MC,GEN,scan_mcp_security.py,RUG_PULL_PATTERNS,0,
MC-GEN-010,MC,GEN,scan_mcp_security.py,RUG_PULL_PATTERNS,1,
MC-GEN-011,MC,GEN,scan_mcp_security.py,RUG_PULL_PATTERNS,2,
MC-GEN-012,MC,GEN,scan_mcp_security.py,RUG_PULL_PATTERNS,3,
MC-GEN-013,MC,GEN,scan_mcp_security.py,RUG_PULL_PATTERNS,4,
MC-GEN-014,MC,GEN,scan_mcp_security.py,RUG_PULL_PATTERNS,5,
MC-GEN-015,MC,GEN,scan_mcp_security.py,RUG_PULL_PATTERNS,6,
MC-GEN-016,MC,GEN,scan_mcp_security.py,RUG_PULL_PATTERNS,7,
RD-GEN-001,RD,GEN,scan_runtime_dynamism.py,DYNAMIC_IMPORT_PATTERNS,0,
RD-GEN-002,RD,GEN,scan_runtime_dynamism.py,DYNAMIC_IMPORT_PATTERNS,1,
RD-GEN-003,RD,GEN,scan_runtime_dynamism.py,DYNAMIC_IMPORT_PATTERNS,2,
RD-GEN-004,RD,GEN,scan_runtime_dynamism.py,DYNAMIC_IMPORT_PATTERNS,3,
RD-GEN-005,RD,GEN,scan_runtime_dynamism.py,DYNAMIC_IMPORT_PATTERNS,4,
RD-GEN-006,RD,GEN,scan_runtime_dynamism.py,DYNAMIC_IMPORT_PATTERNS,5,
RD-GEN-007,RD,GEN,scan_runtime_dynamism.py,DYNAMIC_IMPORT_PATTERNS,6,
RD-GEN-008,RD,GEN,scan_runtime_dynamism.py,DYNAMIC_IMPORT_PATTERNS,7,
RD-GEN-009,RD,GEN,scan_runtime_dynamism.py,FETCH_EXECUTE_PATTERNS,0,
RD-GEN-010,RD,GEN,scan_runtime_dynamism.py,FETCH_EXECUTE_PATTERNS,1,
RD-GEN-011,RD,GEN,scan_runtime_dynamism.py,FETCH_EXECUTE_PATTERNS,2,
RD-GEN-012,RD,GEN,scan_runtime_dynamism.py,FETCH_EXECUTE_PATTERNS,3,
RD-GEN-013,RD,GEN,scan_runtime_dynamism.py,FETCH_EXECUTE_PATTERNS,4,
RD-GEN-014,RD,GEN,scan_runtime_dynamism.py,FETCH_EXECUTE_PATTERNS,5,
RD-GEN-015,RD,GEN,scan_runtime_dynamism.py,FETCH_EXECUTE_PATTERNS,6,
RD-GEN-016,RD,GEN,scan_runtime_dynamism.py,FETCH_EXECUTE_PATTERNS,7,
RD-GEN-017,RD,GEN,scan_runtime_dynamism.py,FETCH_EXECUTE_PATTERNS,8,
RD-GEN-018,RD,GEN,scan_runtime_dynamism.py,SELF_MOD_PATTERNS,0,
RD-GEN-019,RD,GEN,scan_runtime_dynamism.py,SELF_MOD_PATTERNS,1,
RD-GEN-020,RD,GEN,scan_runtime_dynamism.py,SELF_MOD_PATTERNS,2,
RD-GEN-021,RD,GEN,scan_runtime_dynamism.py,SELF_MOD_PATTERNS,3,
RD-GEN-022,RD,GEN,scan_runtime_dynamism.py,SELF_MOD_PATTERNS,4,
RD-GEN-023,RD,GEN,scan_runtime_dynamism.py,SELF_MOD_PATTERNS,5,
RD-GEN-024,RD,GEN,scan_runtime_dynamism.py,TIME_BOMB_PATTERNS,0,
RD-GEN-025,RD,GEN,scan_runtime_dynamism.py,TIME_BOMB_PATTERNS,1,
RD-GEN-026,RD,GEN,scan_runtime_dynamism.py,TIME_BOMB_PATTERNS,2,
RD-GEN-027,RD,GEN,scan_runtime_dynamism.py,TIME_BOMB_PATTERNS,3,
RD-GEN-028,RD,GEN,scan_runtime_dynamism.py,TIME_BOMB_PATTERNS,4,
RD-GEN-029,RD,GEN,scan_runtime_dynamism.py,TIME_BOMB_PATTERNS,5,
RD-GEN-030,RD,GEN,scan_runtime_dynamism.py,TIME_BOMB_PATTERNS,6,
RD-GEN-031,RD,GEN,scan_runtime_dynamism.py,TIME_BOMB_PATTERNS,7,
RD-GEN-032,RD,GEN,scan_runtime_dynamism.py,TIME_BOMB_PATTERNS,8,
RD-GEN-033,RD,GEN,scan_runtime_dynamism.py,TIME_BOMB_PATTERNS,9,
RD-GEN-034,RD,GEN,scan_runtime_dynamism.py,WORM_PROPAGATION_PATTERNS,0,
RD-GEN-035,RD,GEN,scan_runtime_dynamism.py,WORM_PROPAGATION_PATTERNS,1,
RD-GEN-036,RD,GEN,scan_runtime_dynamism.py,WORM_PROPAGATION_PATTERNS,2,
RD-GEN-037,RD,GEN,scan_runtime_dynamism.py,WORM_PROPAGATION_PATTERNS,3,
RD-GEN-038,RD,GEN,scan_runtime_dynamism.py,WORM_PROPAGATION_PATTERNS,4,
RD-GEN-039,RD,GEN,scan_runtime_dynamism.py,WORM_PROPAGATION_PATTERNS,5,
RD-GEN-040,RD,GEN,scan_runtime_dynamism.py,WORM_PROPAGATION_PATTERNS,6,
RD-GEN-041,RD,GEN,scan_runtime_dynamism.py,WORM_PROPAGATION_PATTERNS,7,
RD-GEN-042,RD,GEN,scan_runtime_dynamism.py,COUNTER_PROBABILISTIC_PATTERNS,0,
RD-GEN-043,RD,GEN,scan_runtime_dynamism.py,COUNTER_PROBABILISTIC_PATTERNS,1,
RD-GEN-044,RD,GEN,scan_runtime_dynamism.py,COUNTER_PROBABILISTIC_PATTERNS,2,
RD-GEN-045,RD,GEN,scan_runtime_dynamism.py,COUNTER_PROBABILISTIC_PATTERNS,3,
RD-GEN-046,RD,GEN,scan_runtime_dynamism.py,COUNTER_PROBABILISTIC_PATTERNS,4,
RD-GEN-047,RD,GEN,scan_runtime_dynamism.py,COUNTER_PROBABILISTIC_PATTERNS,5,
RD-GEN-048,RD,GEN,scan_runtime_dynamism.py,COUNTER_PROBABILISTIC_PATTERNS,6,
RD-GEN-049,RD,GEN,scan_runtime_dynamism.py,COUNTER_PROBABILISTIC_PATTERNS,7,
RD-GEN-050,RD,GEN,scan_runtime_dynamism.py,COUNTER_PROBABILISTIC_PATTERNS,8,
RD-GEN-051,RD,GEN,scan_runtime_dynamism.py,LOCALE_GATING_PATTERNS,0,
RD-GEN-052,RD,GEN,scan_runtime_dynamism.py,LOCALE_GATING_PATTERNS,1,
RD-GEN-053,RD,GEN,scan_runtime_dynamism.py,LOCALE_GATING_PATTERNS,2,
RD-GEN-054,RD,GEN,scan_runtime_dynamism.py,LOCALE_GATING_PATTERNS,3,
RD-GEN-055,RD,GEN,scan_runtime_dynamism.py,LOCALE_GATING_PATTERNS,4,
RD-GEN-056,RD,GEN,scan_runtime_dynamism.py,LOCALE_GATING_PATTERNS,5,
RD-GEN-057,RD,GEN,scan_runtime_dynamism.py,LOCALE_GATING_PATTERNS,6,
RD-GEN-058,RD,GEN,scan_runtime_dynamism.py,LOCALE_GATING_PATTERNS,7,
RD-GEN-059,RD,GEN,scan_runtime_dynamism.py,LOCALE_GATING_PATTERNS,8,
RD-GEN-060,RD,GEN,scan_runtime_dynamism.py,LOCALE_GATING_PATTERNS,9,
SA-SAST-001,SA,SAST,scan_sast.py,SAST_PATTERNS,0,
SA-SAST-002,SA,SAST,scan_sast.py,SAST_PATTERNS,1,
SA-SAST-003,SA,SAST,scan_sast.py,SAST_PATTERNS,2,
SA-SAST-004,SA,SAST,scan_sast.py,SAST_PATTERNS,3,
SA-SAST-005,SA,SAST,scan_sast.py,SAST_PATTERNS,4,
SA-SAST-006,SA,SAST,scan_sast.py,SAST_PATTERNS,5,
SA-SAST-007,SA,SAST,scan_sast.py,SAST_PATTERNS,6,
SA-SAST-008,SA,SAST,scan_sast.py,SAST_PATTERNS,7,
SA-SAST-009,SA,SAST,scan_sast.py,SAST_PATTERNS,8,
SA-SAST-010,SA,SAST,scan_sast.py,SAST_PATTERNS,9,
SA-SAST-011,SA,SAST,scan_sast.py,SAST_PATTERNS,10,
SA-GEN-001,SA,GEN,scan_sast.py,CSS_STEG_PATTERNS,0,
SA-GEN-002,SA,GEN,scan_sast.py,CSS_STEG_PATTERNS,1,
SA-GEN-003,SA,GEN,scan_sast.py,CSS_STEG_PATTERNS,2,
SA-GEN-004,SA,GEN,scan_sast.py,CSS_STEG_PATTERNS,3,
SA-GEN-005,SA,GEN,scan_sast.py,CSS_STEG_PATTERNS,4,
SA-GEN-006,SA,GEN,scan_sast.py,CSS_STEG_PATTERNS,5,
SA-GEN-007,SA,GEN,scan_sast.py,CSS_STEG_PATTERNS,6,
SA-GEN-008,SA,GEN,scan_sast.py,CSS_STEG_PATTERNS,7,
SA-GEN-009,SA,GEN,scan_sast.py,CSS_STEG_PATTERNS,8,
ST-PI-001,ST,PI,scan_skill_threats.py,PROMPT_INJECTION_PATTERNS,0,
ST-PI-002,ST,PI,scan_skill_threats.py,PROMPT_INJECTION_PATTERNS,1,
ST-PI-003,ST,PI,scan_skill_threats.py,PROMPT_INJECTION_PATTERNS,2,
ST-PI-004,ST,PI,scan_skill_threats.py,PROMPT_INJECTION_PATTERNS,3,
ST-PI-005,ST,PI,scan_skill_threats.py,PROMPT_INJECTION_PATTERNS,4,
ST-PI-006,ST,PI,scan_skill_threats.py,PROMPT_INJECTION_PATTERNS,5,
ST-PI-007,ST,PI,scan_skill_threats.py,PROMPT_INJECTION_PATTERNS,6,
ST-PI-008,ST,PI,scan_skill_threats.py,PROMPT_INJECTION_PATTERNS,7,
ST-PI-009,ST,PI,scan_skill_threats.py,PROMPT_INJECTION_PATTERNS,8,
ST-PI-010,ST,PI,scan_skill_threats.py,PROMPT_INJECTION_PATTERNS,9,
ST-PI-011,ST,PI,scan_skill_threats.py,PROMPT_INJECTION_PATTERNS,10,
ST-PI-012,ST,PI,scan_skill_threats.py,PROMPT_INJECTION_PATTERNS,11,
ST-PI-013,ST,PI,scan_skill_threats.py,PROMPT_INJECTION_PATTERNS,12,
ST-HG-001,ST,HG,scan_skill_threats.py,HOMOGLYPHS,0,
ST-HG-002,ST,HG,scan_skill_threats.py,HOMOGLYPHS,1,
ST-HG-003,ST,HG,scan_skill_threats.py,HOMOGLYPHS,2,
ST-HG-004,ST,HG,scan_skill_threats.py,HOMOGLYPHS,3,
ST-HG-005,ST,HG,scan_skill_threats.py,HOMOGLYPHS,4,
ST-HG-006,ST,HG,scan_skill_threats.py,HOMOGLYPHS,5,
ST-HG-007,ST,HG,scan_skill_threats.py,HOMOGLYPHS,6,
ST-HG-008,ST,HG,scan_skill_threats.py,HOMOGLYPHS,7,
ST-HG-009,ST,HG,scan_skill_threats.py,HOMOGLYPHS,8,
ST-HG-010,ST,HG,scan_skill_threats.py,HOMOGLYPHS,9,
ST-HG-011,ST,HG,scan_skill_threats.py,HOMOGLYPHS,10,
ST-HG-012,ST,HG,scan_skill_threats.py,HOMOGLYPHS,11,
ST-HG-013,ST,HG,scan_skill_threats.py,HOMOGLYPHS,12,
ST-HG-014,ST,HG,scan_skill_threats.py,HOMOGLYPHS,13,
ST-HG-015,ST,HG,scan_skill_threats.py,HOMOGLYPHS,14,
ST-HG-016,ST,HG,scan_skill_threats.py,HOMOGLYPHS,15,
ST-HG-017,ST,HG,scan_skill_threats.py,HOMOGLYPHS,16,
ST-PR-001,ST,PR,scan_skill_threats.py,PREREQUISITE_PATTERNS,0,
ST-PR-002,ST,PR,scan_skill_threats.py,PREREQUISITE_PATTERNS,1,
ST-PR-003,ST,PR,scan_skill_threats.py,PREREQUISITE_PATTERNS,2,
ST-PR-004,ST,PR,scan_skill_threats.py,PREREQUISITE_PATTERNS,3,
ST-PR-005,ST,PR,scan_skill_threats.py,PREREQUISITE_PATTERNS,4,
ST-PR-006,ST,PR,scan_skill_threats.py,PREREQUISITE_PATTERNS,5,
ST-PR-007,ST,PR,scan_skill_threats.py,PREREQUISITE_PATTERNS,6,
ST-PR-008,ST,PR,scan_skill_threats.py,PREREQUISITE_PATTERNS,7,
ST-PR-009,ST,PR,scan_skill_threats.py,PREREQUISITE_PATTERNS,8,
ST-PR-010,ST,PR,scan_skill_threats.py,PREREQUISITE_PATTERNS,9,
ST-PR-011,ST,PR,scan_skill_threats.py,PREREQUISITE_PATTERNS,10,
ST-PR-012,ST,PR,scan_skill_threats.py,PREREQUISITE_PATTERNS,11,
ST-PR-013,ST,PR,scan_skill_threats.py,PREREQUISITE_PATTERNS,12,
ST-PR-014,ST,PR,scan_skill_threats.py,PREREQUISITE_PATTERNS,13,
ST-PR-015,ST,PR,scan_skill_threats.py,PREREQUISITE_PATTERNS,14,
ST-PR-016,ST,PR,scan_skill_threats.py,PREREQUISITE_PATTERNS,15,
ST-EX-001,ST,EX,scan_skill_threats.py,EXFIL_PATTERNS,0,
ST-EX-002,ST,EX,scan_skill_threats.py,EXFIL_PATTERNS,1,
ST-EX-003,ST,EX,scan_skill_threats.py,EXFIL_PATTERNS,2,
ST-EX-004,ST,EX,scan_skill_threats.py,EXFIL_PATTERNS,3,
ST-CR-001,ST,CR,scan_skill_threats.py,CREDENTIAL_PATH_PATTERNS,0,
ST-CR-002,ST,CR,scan_skill_threats.py,CREDENTIAL_PATH_PATTERNS,1,
ST-PE-001,ST,PE,scan_skill_threats.py,PERSISTENCE_PATTERNS,0,
ST-PE-002,ST,PE,scan_skill_threats.py,PERSISTENCE_PATTERNS,1,
ST-PE-003,ST,PE,scan_skill_threats.py,PERSISTENCE_PATTERNS,2,
ST-PE-004,ST,PE,scan_skill_threats.py,PERSISTENCE_PATTERNS,3,
ST-PE-005,ST,PE,scan_skill_threats.py,PERSISTENCE_PATTERNS,4,
ST-PE-006,ST,PE,scan_skill_threats.py,PERSISTENCE_PATTERNS,5,
ST-PE-007,ST,PE,scan_skill_threats.py,PERSISTENCE_PATTERNS,6,
ST-PE-008,ST,PE,scan_skill_threats.py,PERSISTENCE_PATTERNS,7,
ST-PE-009,ST,PE,scan_skill_threats.py,PERSISTENCE_PATTERNS,8,
ST-SP-001,ST,SP,scan_skill_threats.py,SCOPE_PATTERNS,0,
ST-SP-002,ST,SP,scan_skill_threats.py,SCOPE_PATTERNS,1,
ST-SP-003,ST,SP,scan_skill_threats.py,SCOPE_PATTERNS,2,
ST-SP-004,ST,SP,scan_skill_threats.py,SCOPE_PATTERNS,3,
ST-SP-005,ST,SP,scan_skill_threats.py,SCOPE_PATTERNS,4,
ST-SP-006,ST,SP,scan_skill_threats.py,SCOPE_PATTERNS,5,
ST-SP-007,ST,SP,scan_skill_threats.py,SCOPE_PATTERNS,6,
ST-ST-001,ST,ST,scan_skill_threats.py,STEALTH_PATTERNS,0,
ST-ST-002,ST,ST,scan_skill_threats.py,STEALTH_PATTERNS,1,
ST-ST-003,ST,ST,scan_skill_threats.py,STEALTH_PATTERNS,2,
ST-ST-004,ST,ST,scan_skill_threats.py,STEALTH_PATTERNS,3,
ST-ST-005,ST,ST,scan_skill_threats.py,STEALTH_PATTERNS,4,
ST-RB-001,ST,RB,scan_skill_threats.py,KNOWN_RAT_BINARY_PATHS,0,
ST-CF-001,ST,CF,scan_skill_threats.py,CLICKFIX_PATTERNS,0,
ST-CF-002,ST,CF,scan_skill_threats.py,CLICKFIX_PATTERNS,1,
ST-CF-003,ST,CF,scan_skill_threats.py,CLICKFIX_PATTERNS,2,
ST-CF-004,ST,CF,scan_skill_threats.py,CLICKFIX_PATTERNS,3,
ST-CF-005,ST,CF,scan_skill_threats.py,CLICKFIX_PATTERNS,4,
ST-CF-006,ST,CF,scan_skill_threats.py,CLICKFIX_PATTERNS,5,
ST-CF-007,ST,CF,scan_skill_threats.py,CLICKFIX_PATTERNS,6,
ST-CF-008,ST,CF,scan_skill_threats.py,CLICKFIX_PATTERNS,7,
ST-CF-009,ST,CF,scan_skill_threats.py,CLICKFIX_PATTERNS,8,
ST-CF-010,ST,CF,scan_skill_threats.py,CLICKFIX_PATTERNS,9,
ST-CF-011,ST,CF,scan_skill_threats.py,CLICKFIX_PATTERNS,10,
ST-CF-012,ST,CF,scan_skill_threats.py,CLICKFIX_PATTERNS,11,
ST-CF-013,ST,CF,scan_skill_threats.py,CLICKFIX_PATTERNS,12,
ST-CF-014,ST,CF,scan_skill_threats.py,CLICKFIX_PATTERNS,13,
ST-CF-015,ST,CF,scan_skill_threats.py,CLICKFIX_PATTERNS,14,
ST-CF-016,ST,CF,scan_skill_threats.py,CLICKFIX_PATTERNS,15,
ST-CF-017,ST,CF,scan_skill_threats.py,CLICKFIX_PATTERNS,16,
ST-CF-018,ST,CF,scan_skill_threats.py,CLICKFIX_PATTERNS,17,
ST-CF-019,ST,CF,scan_skill_threats.py,CLICKFIX_PATTERNS,18,
ST-CF-020,ST,CF,scan_skill_threats.py,CLICKFIX_PATTERNS,19,
ST-CF-021,ST,CF,scan_skill_threats.py,CLICKFIX_PATTERNS,20,
ST-CF-022,ST,CF,scan_skill_threats.py,CLICKFIX_PATTERNS,21,
ST-CF-023,ST,CF,scan_skill_threats.py,CLICKFIX_PATTERNS,22,
ST-CF-024,ST,CF,scan_skill_threats.py,CLICKFIX_PATTERNS,23,
ST-CF-025,ST,CF,scan_skill_threats.py,CLICKFIX_PATTERNS,24,
ST-CF-026,ST,CF,scan_skill_threats.py,CLICKFIX_PATTERNS,25,
ST-PI-014,ST,PI,scan_skill_threats.py,MCP_TOOL_INJECTION_PATTERNS,0,
ST-PI-015,ST,PI,scan_skill_threats.py,MCP_TOOL_INJECTION_PATTERNS,1,
ST-PI-016,ST,PI,scan_skill_threats.py,MCP_TOOL_INJECTION_PATTERNS,2,
ST-PI-017,ST,PI,scan_skill_threats.py,MCP_TOOL_INJECTION_PATTERNS,3,
ST-PI-018,ST,PI,scan_skill_threats.py,MCP_TOOL_INJECTION_PATTERNS,4,
ST-SA-001,ST,SA,scan_skill_threats.py,SUB_AGENT_SPAWN_PATTERNS,0,
ST-SA-002,ST,SA,scan_skill_threats.py,SUB_AGENT_SPAWN_PATTERNS,1,
ST-SA-003,ST,SA,scan_skill_threats.py,SUB_AGENT_SPAWN_PATTERNS,2,
ST-SA-004,ST,SA,scan_skill_threats.py,SUB_AGENT_SPAWN_PATTERNS,3,
ST-AU-001,ST,AU,scan_skill_threats.py,AUTHORITY_FRAMING_PATTERNS,0,
ST-AU-002,ST,AU,scan_skill_threats.py,AUTHORITY_FRAMING_PATTERNS,1,
ST-AU-003,ST,AU,scan_skill_threats.py,AUTHORITY_FRAMING_PATTERNS,2,
ST-AU-004,ST,AU,scan_skill_threats.py,AUTHORITY_FRAMING_PATTERNS,3,
ST-ST-006,ST,ST,scan_skill_threats.py,SAFETY_THEATER_PATTERNS,0,
ST-ST-007,ST,ST,scan_skill_threats.py,SAFETY_THEATER_PATTERNS,1,
ST-ST-008,ST,ST,scan_skill_threats.py,SAFETY_THEATER_PATTERNS,2,
ST-TE-001,ST,TE,scan_skill_threats.py,TRUST_ESCALATION_PATTERNS,0,
ST-TE-002,ST,TE,scan_skill_threats.py,TRUST_ESCALATION_PATTERNS,1,
ST-UC-001,ST,UC,scan_skill_threats.py,UPDATE_CHANNEL_PATTERNS,0,
ST-UC-002,ST,UC,scan_skill_threats.py,UPDATE_CHANNEL_PATTERNS,1,
ST-UC-003,ST,UC,scan_skill_threats.py,UPDATE_CHANNEL_PATTERNS,2,
ST-UC-004,ST,UC,scan_skill_threats.py,UPDATE_CHANNEL_PATTERNS,3,
ST-UC-005,ST,UC,scan_skill_threats.py,UPDATE_CHANNEL_PATTERNS,4,
SC-KEY-001,SC,private-key,scan_secrets.py,PATTERNS,,critical
SC-SEC-001,SC,secret,scan_secrets.py,PATTERNS,,high
SC-SEC-002,SC,secret,scan_secrets.py,PATTERNS,,high
SC-SEC-003,SC,secret,scan_secrets.py,PATTERNS,,high
SC-SEC-004,SC,secret,scan_secrets.py,PATTERNS,,high
SC-SEC-005,SC,secret,scan_secrets.py,PATTERNS,,high
SC-SEC-006,SC,secret,scan_secrets.py,PATTERNS,,high
SC-SEC-007,SC,secret,scan_secrets.py,PATTERNS,,high
SC-SEC-008,SC,secret,scan_secrets.py,PATTERNS,,high
SC-SEC-009,SC,secret,scan_secrets.py,PATTERNS,,high
SC-SEC-010,SC,secret,scan_secrets.py,PATTERNS,,high
SC-SEC-011,SC,secret,scan_secrets.py,PATTERNS,,high
SC-SEC-012,SC,secret,scan_secrets.py,PATTERNS,,high
SC-SEC-013,SC,secret,scan_secrets.py,PATTERNS,,high
SC-SEC-014,SC,secret,scan_secrets.py,PATTERNS,,high
SC-SEC-015,SC,secret,scan_secrets.py,PATTERNS,,high
SC-SEC-016,SC,secret,scan_secrets.py,PATTERNS,,high
SC-SEC-017,SC,secret,scan_secrets.py,PATTERNS,,high
SC-SEC-018,SC,secret,scan_secrets.py,PATTERNS,,high
SC-SEC-019,SC,secret,scan_secrets.py,PATTERNS,,high
SC-SEC-020,SC,secret,scan_secrets.py,PATTERNS,,high
SC-SEC-021,SC,secret,scan_secrets.py,PATTERNS,,high
SC-SEC-022,SC,secret,scan_secrets.py,PATTERNS,,high
SC-SEC-023,SC,secret,scan_secrets.py,PATTERNS,,high
SC-SEC-024,SC,secret,scan_secrets.py,PATTERNS,,high
SC-SEC-025,SC,secret,scan_secrets.py,PATTERNS,,high
SC-SEC-026,SC,secret,scan_secrets.py,PATTERNS,,high
SC-SEC-027,SC,secret,scan_secrets.py,PATTERNS,,high
SC-SEC-028,SC,secret,scan_secrets.py,PATTERNS,,high
SC-SEC-029,SC,secret,scan_secrets.py,PATTERNS,,high
SC-SEC-030,SC,secret,scan_secrets.py,PATTERNS,,high
SC-SEC-031,SC,secret,scan_secrets.py,PATTERNS,,critical
SC-SEC-032,SC,secret,scan_secrets.py,PATTERNS,,critical
SC-SEC-033,SC,secret,scan_secrets.py,PATTERNS,,critical
SC-SEC-034,SC,secret,scan_secrets.py,PATTERNS,,high
SC-SEC-035,SC,secret,scan_secrets.py,PATTERNS,,high
SC-SEC-036,SC,secret,scan_secrets.py,PATTERNS,,high
SC-SEC-037,SC,secret,scan_secrets.py,PATTERNS,,high
SC-SEC-038,SC,secret,scan_secrets.py,PATTERNS,,high
SC-SEC-039,SC,secret,scan_secrets.py,PATTERNS,,high
SC-SEC-040,SC,secret,scan_secrets.py,PATTERNS,,high
SC-SEC-041,SC,secret,scan_secrets.py,PATTERNS,,high
SC-SEC-042,SC,secret,scan_secrets.py,PATTERNS,,medium
SC-SEC-043,SC,secret,scan_secrets.py,PATTERNS,,medium
SC-SEC-044,SC,secret,scan_secrets.py,PATTERNS,,medium
SC-NET-001,SC,network,scan_secrets.py,PATTERNS,,low
SA-PY-001,SA,code-execution,scan_sast.py,SAST_PATTERNS,,high
SA-PY-002,SA,code-execution,scan_sast.py,SAST_PATTERNS,,high
SA-PY-003,SA,code-execution,scan_sast.py,SAST_PATTERNS,,high
SA-PY-004,SA,code-execution,scan_sast.py,SAST_PATTERNS,,medium
SA-PY-005,SA,deserialization,scan_sast.py,SAST_PATTERNS,,critical
SA-PY-006,SA,shell-injection,scan_sast.py,SAST_PATTERNS,,critical
SA-PY-007,SA,shell-injection,scan_sast.py,SAST_PATTERNS,,critical
SA-PY-008,SA,injection,scan_sast.py,SAST_PATTERNS,,high
SA-PY-009,SA,hardcoded,scan_sast.py,SAST_PATTERNS,,low
SA-PY-010,SA,model-confusion,scan_sast.py,SAST_PATTERNS,,high
SA-PY-011,SA,model-confusion,scan_sast.py,SAST_PATTERNS,,critical
SA-PY-012,SA,model-confusion,scan_sast.py,SAST_PATTERNS,,critical
SA-PY-013,SA,model-confusion,scan_sast.py,SAST_PATTERNS,,high
SA-PY-014,SA,destructive-command,scan_sast.py,SAST_PATTERNS,,critical
SA-PY-015,SA,worm-propagation,scan_sast.py,SAST_PATTERNS,,critical
SA-PY-016,SA,kernel-exploit,scan_sast.py,SAST_PATTERNS,,critical
SA-PY-017,SA,kernel-exploit,scan_sast.py,SAST_PATTERNS,,critical
SA-PY-018,SA,kernel-exploit,scan_sast.py,SAST_PATTERNS,,high
SA-PY-019,SA,reflection-rce,scan_sast.py,SAST_PATTERNS,,high
SA-PY-020,SA,memory-forensics,scan_sast.py,SAST_PATTERNS,,critical
SA-PY-021,SA,process-enumeration,scan_sast.py,SAST_PATTERNS,,high
SA-PY-022,SA,process-enumeration,scan_sast.py,SAST_PATTERNS,,critical
SA-PY-023,SA,ci-token-abuse,scan_sast.py,SAST_PATTERNS,,critical
SA-JS-001,SA,code-execution,scan_sast.py,SAST_PATTERNS,,high
SA-JS-002,SA,code-execution,scan_sast.py,SAST_PATTERNS,,high
SA-JS-003,SA,xss,scan_sast.py,SAST_PATTERNS,,high
SA-JS-004,SA,xss,scan_sast.py,SAST_PATTERNS,,medium
SA-JS-005,SA,shell-injection,scan_sast.py,SAST_PATTERNS,,critical
SA-JS-006,SA,code-execution,scan_sast.py,SAST_PATTERNS,,medium
SA-JS-007,SA,xss,scan_sast.py,SAST_PATTERNS,,medium
SA-JS-008,SA,injection,scan_sast.py,SAST_PATTERNS,,high
SA-JS-009,SA,secret-exposure,scan_sast.py,SAST_PATTERNS,,high
SA-JS-010,SA,secret-exposure,scan_sast.py,SAST_PATTERNS,,high
SA-JS-011,SA,secret-exposure,scan_sast.py,SAST_PATTERNS,,high
SA-JS-012,SA,path-traversal,scan_sast.py,SAST_PATTERNS,,high
SA-JS-013,SA,path-traversal,scan_sast.py,SAST_PATTERNS,,high
SA-JS-014,SA,path-traversal,scan_sast.py,SAST_PATTERNS,,high
SA-JS-015,SA,worm-propagation,scan_sast.py,SAST_PATTERNS,,critical
SA-JS-016,SA,worm-propagation,scan_sast.py,SAST_PATTERNS,,critical
SA-JS-017,SA,credential-theft,scan_sast.py,SAST_PATTERNS,,critical
SA-JS-018,SA,git-exfiltration,scan_sast.py,SAST_PATTERNS,,critical
SA-JS-019,SA,git-exfiltration,scan_sast.py,SAST_PATTERNS,,high
SA-JS-020,SA,git-exfiltration,scan_sast.py,SAST_PATTERNS,,critical
SA-JS-021,SA,ci-token-abuse,scan_sast.py,SAST_PATTERNS,,critical
SA-JS-022,SA,memory-forensics,scan_sast.py,SAST_PATTERNS,,critical
SA-JS-023,SA,process-enumeration,scan_sast.py,SAST_PATTERNS,,high
SA-JS-024,SA,process-enumeration,scan_sast.py,SAST_PATTERNS,,critical
SA-JS-025,SA,obfuscation,scan_sast.py,SAST_PATTERNS,,high
SA-JS-026,SA,credential-validation,scan_sast.py,SAST_PATTERNS,,high
SA-JS-027,SA,credential-theft,scan_sast.py,SAST_PATTERNS,,high
SA-JS-028,SA,credential-theft,scan_sast.py,SAST_PATTERNS,,critical
SA-JS-029,SA,exfiltration,scan_sast.py,SAST_PATTERNS,,critical
SA-JS-030,SA,provenance-forging,scan_sast.py,SAST_PATTERNS,,critical
SA-JS-031,SA,provenance-forging,scan_sast.py,SAST_PATTERNS,,high
SA-JS-032,SA,worm-propagation,scan_sast.py,SAST_PATTERNS,,critical
SA-JS-033,SA,obfuscation,scan_sast.py,SAST_PATTERNS,,high
SA-JS-034,SA,destructive-command,scan_sast.py,SAST_PATTERNS,,critical
SA-TS-001,SA,code-execution,scan_sast.py,SAST_PATTERNS,,high
SA-TS-002,SA,code-execution,scan_sast.py,SAST_PATTERNS,,high
SA-TS-003,SA,xss,scan_sast.py,SAST_PATTERNS,,high
SA-TS-004,SA,shell-injection,scan_sast.py,SAST_PATTERNS,,critical
SA-TS-005,SA,secret-exposure,scan_sast.py,SAST_PATTERNS,,high
SA-TS-006,SA,secret-exposure,scan_sast.py,SAST_PATTERNS,,high
SA-TS-007,SA,path-traversal,scan_sast.py,SAST_PATTERNS,,high
SA-TS-008,SA,path-traversal,scan_sast.py,SAST_PATTERNS,,high
SA-TS-009,SA,path-traversal,scan_sast.py,SAST_PATTERNS,,high
SA-TS-010,SA,exfiltration,scan_sast.py,SAST_PATTERNS,,critical
SA-TS-011,SA,memory-forensics,scan_sast.py,SAST_PATTERNS,,critical
SA-TS-012,SA,process-enumeration,scan_sast.py,SAST_PATTERNS,,high
SA-TS-013,SA,process-enumeration,scan_sast.py,SAST_PATTERNS,,critical
SA-TS-014,SA,ci-token-abuse,scan_sast.py,SAST_PATTERNS,,critical
SA-TSX-001,SA,code-execution,scan_sast.py,SAST_PATTERNS,,high
SA-TSX-002,SA,xss,scan_sast.py,SAST_PATTERNS,,high
SA-JSX-001,SA,code-execution,scan_sast.py,SAST_PATTERNS,,high
SA-JSX-002,SA,xss,scan_sast.py,SAST_PATTERNS,,high
SA-PHP-001,SA,shell-injection,scan_sast.py,SAST_PATTERNS,,critical
SA-PHP-002,SA,code-execution,scan_sast.py,SAST_PATTERNS,,high
SA-PHP-003,SA,injection,scan_sast.py,SAST_PATTERNS,,high
SA-PHP-004,SA,injection,scan_sast.py,SAST_PATTERNS,,critical
SA-JAVA-001,SA,shell-injection,scan_sast.py,SAST_PATTERNS,,critical
SA-JAVA-002,SA,shell-injection,scan_sast.py,SAST_PATTERNS,,high
SA-JAVA-003,SA,deserialization,scan_sast.py,SAST_PATTERNS,,critical
SA-JAVA-004,SA,reflection-rce,scan_sast.py,SAST_PATTERNS,,high
SA-JAVA-005,SA,reflection-rce,scan_sast.py,SAST_PATTERNS,,high
SA-JAVA-006,SA,reflection-rce,scan_sast.py,SAST_PATTERNS,,high
SA-JAVA-007,SA,reflection-rce,scan_sast.py,SAST_PATTERNS,,high
SA-GO-001,SA,shell-injection,scan_sast.py,SAST_PATTERNS,,high
SA-GO-002,SA,memory-safety,scan_sast.py,SAST_PATTERNS,,medium
SA-GO-003,SA,reflection-rce,scan_sast.py,SAST_PATTERNS,,high
SA-GO-004,SA,reflection-rce,scan_sast.py,SAST_PATTERNS,,high
SA-GO-005,SA,memory-forensics,scan_sast.py,SAST_PATTERNS,,critical
SA-GO-006,SA,process-enumeration,scan_sast.py,SAST_PATTERNS,,high
SA-GO-007,SA,process-enumeration,scan_sast.py,SAST_PATTERNS,,critical
SA-GO-008,SA,ci-token-abuse,scan_sast.py,SAST_PATTERNS,,critical
SA-RB-001,SA,code-execution,scan_sast.py,SAST_PATTERNS,,high
SA-RB-002,SA,shell-injection,scan_sast.py,SAST_PATTERNS,,critical
SA-RB-003,SA,code-execution,scan_sast.py,SAST_PATTERNS,,medium
SA-RB-004,SA,reflection-rce,scan_sast.py,SAST_PATTERNS,,high
SA-RB-005,SA,reflection-rce,scan_sast.py,SAST_PATTERNS,,high
SA-CS-001,SA,reflection-rce,scan_sast.py,SAST_PATTERNS,,high
SA-CS-002,SA,reflection-rce,scan_sast.py,SAST_PATTERNS,,high
SA-CS-003,SA,reflection-rce,scan_sast.py,SAST_PATTERNS,,high
SA-SH-001,SA,code-execution,scan_sast.py,SAST_PATTERNS,,high
SA-SH-002,SA,shell-injection,scan_sast.py,SAST_PATTERNS,,critical
SA-SH-003,SA,shell-injection,scan_sast.py,SAST_PATTERNS,,critical
SA-SH-004,SA,code-execution,scan_sast.py,SAST_PATTERNS,,high
SA-SH-005,SA,exfiltration,scan_sast.py,SAST_PATTERNS,,critical
SA-SH-006,SA,exfiltration,scan_sast.py,SAST_PATTERNS,,critical
SA-SH-007,SA,exfiltration,scan_sast.py,SAST_PATTERNS,,critical
SA-SH-008,SA,exfiltration,scan_sast.py,SAST_PATTERNS,,critical
SA-SH-009,SA,destructive-command,scan_sast.py,SAST_PATTERNS,,critical
SA-SH-010,SA,destructive-command,scan_sast.py,SAST_PATTERNS,,critical
SA-SH-011,SA,destructive-command,scan_sast.py,SAST_PATTERNS,,critical
SA-SH-012,SA,destructive-command,scan_sast.py,SAST_PATTERNS,,critical
SA-SH-013,SA,runner-backdoor,scan_sast.py,SAST_PATTERNS,,critical
SA-SH-014,SA,runner-backdoor,scan_sast.py,SAST_PATTERNS,,high
SA-SH-015,SA,kernel-exploit,scan_sast.py,SAST_PATTERNS,,high
SA-SH-016,SA,memory-forensics,scan_sast.py,SAST_PATTERNS,,critical
SA-SH-017,SA,process-enumeration,scan_sast.py,SAST_PATTERNS,,high
SA-SH-018,SA,process-enumeration,scan_sast.py,SAST_PATTERNS,,critical
SA-SH-019,SA,ci-token-abuse,scan_sast.py,SAST_PATTERNS,,critical
SH-AE-001,SH,AE,_shared_patterns.py,AUTO_EXEC_FILENAMES,0,
SH-EV-001,SH,EV,_shared_patterns.py,EXFIL_VERBS,0,
SH-GU-001,SH,GU,_shared_patterns.py,GIT_UPDATABLE,0,
SH-SC-001,SH,SC,_shared_patterns.py,SKILL_CONFIG_FILES,0,
SH-SF-001,SH,SF,_shared_patterns.py,SEED_FILES,0,
SM-CFG-001,SM,CFG,scan_mcp_security.py,MCP_CONFIG_RISKS,0,
SM-CFG-002,SM,CFG,scan_mcp_security.py,MCP_CONFIG_RISKS,1,
SM-CFG-003,SM,CFG,scan_mcp_security.py,MCP_CONFIG_RISKS,2,
SM-CFG-004,SM,CFG,scan_mcp_security.py,MCP_CONFIG_RISKS,3,
SM-CFG-005,SM,CFG,scan_mcp_security.py,MCP_CONFIG_RISKS,4,
SM-CFG-006,SM,CFG,scan_mcp_security.py,MCP_CONFIG_RISKS,5,
SM-KW-001,SM,KW,scan_mcp_security.py,TOOL_INJECTION_KEYWORDS,0,
SM-LOG-001,SM,LOG,scan_mcp_security.py,LOG_EXFIL_PATTERNS,0,
SM-LOG-002,SM,LOG,scan_mcp_security.py,LOG_EXFIL_PATTERNS,1,
SM-LOG-003,SM,LOG,scan_mcp_security.py,LOG_EXFIL_PATTERNS,2,
SM-LOG-004,SM,LOG,scan_mcp_security.py,LOG_EXFIL_PATTERNS,3,
SM-RUG-001,SM,RUG,scan_mcp_security.py,RUG_PULL_PATTERNS,0,
SM-RUG-002,SM,RUG,scan_mcp_security.py,RUG_PULL_PATTERNS,1,
SM-RUG-003,SM,RUG,scan_mcp_security.py,RUG_PULL_PATTERNS,2,
SM-RUG-004,SM,RUG,scan_mcp_security.py,RUG_PULL_PATTERNS,3,
SM-RUG-005,SM,RUG,scan_mcp_security.py,RUG_PULL_PATTERNS,4,
SM-RUG-006,SM,RUG,scan_mcp_security.py,RUG_PULL_PATTERNS,5,
SM-RUG-007,SM,RUG,scan_mcp_security.py,RUG_PULL_PATTERNS,6,
SM-RUG-008,SM,RUG,scan_mcp_security.py,RUG_PULL_PATTERNS,7,
SM-SAMP-001,SM,SAMP,scan_mcp_security.py,SAMPLING_INJECTION_PATTERNS,0,
SM-SAMP-002,SM,SAMP,scan_mcp_security.py,SAMPLING_INJECTION_PATTERNS,1,
SM-SAMP-003,SM,SAMP,scan_mcp_security.py,SAMPLING_INJECTION_PATTERNS,2,
SM-SAMP-004,SM,SAMP,scan_mcp_security.py,SAMPLING_INJECTION_PATTERNS,3,
SM-SQL-001,SM,SQL,scan_mcp_security.py,SQL_INJECTION_PATTERNS,0,
SM-SQL-002,SM,SQL,scan_mcp_security.py,SQL_INJECTION_PATTERNS,1,
SM-SQL-003,SM,SQL,scan_mcp_security.py,SQL_INJECTION_PATTERNS,2,
SM-SQL-004,SM,SQL,scan_mcp_security.py,SQL_INJECTION_PATTERNS,3,
SM-SQL-005,SM,SQL,scan_mcp_security.py,SQL_INJECTION_PATTERNS,4,
SM-SQL-006,SM,SQL,scan_mcp_security.py,SQL_INJECTION_PATTERNS,5,
SM-SQL-007,SM,SQL,scan_mcp_security.py,SQL_INJECTION_PATTERNS,6,
SM-SQL-008,SM,SQL,scan_mcp_security.py,SQL_INJECTION_PATTERNS,7,
SM-SQL-009,SM,SQL,scan_mcp_security.py,SQL_INJECTION_PATTERNS,8,
SM-STDIO-001,SM,STDIO,scan_mcp_security.py,MCP_STDIO_COMMAND_RISKS,0,
SM-STDIO-002,SM,STDIO,scan_mcp_security.py,MCP_STDIO_COMMAND_RISKS,1,
SM-STDIO-003,SM,STDIO,scan_mcp_security.py,MCP_STDIO_COMMAND_RISKS,2,
SM-STDIO-004,SM,STDIO,scan_mcp_security.py,MCP_STDIO_COMMAND_RISKS,3,
SM-TSH-001,SM,TSH,scan_mcp_security.py,TOOL_SHADOWING_PATTERNS,0,
SM-TSH-002,SM,TSH,scan_mcp_security.py,TOOL_SHADOWING_PATTERNS,1,
SM-TSH-003,SM,TSH,scan_mcp_security.py,TOOL_SHADOWING_PATTERNS,2,
SM-TSH-004,SM,TSH,scan_mcp_security.py,TOOL_SHADOWING_PATTERNS,3,
SM-XDOM-001,SM,XDOM,scan_mcp_security.py,CROSS_DOMAIN_PATTERNS,0,
SM-XDOM-002,SM,XDOM,scan_mcp_security.py,CROSS_DOMAIN_PATTERNS,1,
SM-XDOM-003,SM,XDOM,scan_mcp_security.py,CROSS_DOMAIN_PATTERNS,2,
SM-XDOM-004,SM,XDOM,scan_mcp_security.py,CROSS_DOMAIN_PATTERNS,3,
ST-EX-005,ST,EX,scan_skill_threats.py,EXFIL_PATTERNS_CRITICAL,0,
ST-EX-006,ST,EX,scan_skill_threats.py,EXFIL_PATTERNS_CRITICAL,1,
ST-EX-007,ST,EX,scan_skill_threats.py,EXFIL_PATTERNS_CRITICAL,2,
ST-EX-008,ST,EX,scan_skill_threats.py,EXFIL_PATTERNS_MEDIUM,0,
ST-ZW-001,ST,ZW,scan_skill_threats.py,ZERO_WIDTH_CHARS,0,
ST-BD-001,ST,BD,scan_skill_threats.py,BIDI_CONTROL_CHARS,0,
ST-VS-001,ST,VS,scan_skill_threats.py,VARIATION_SELECTORS,0,
ST-SV-001,ST,SV,scan_skill_threats.py,SUPPLEMENTAL_VARIATION_SELECTORS,0,
ST-CS-001,ST,CS,scan_skill_threats.py,CONFUSABLE_SPACES,0,
ST-TG-001,ST,TG,scan_skill_threats.py,TAG_CHARS,0,
ST-AN-001,ST,AN,scan_skill_threats.py,ANNOTATION_CHARS,0,
